year,delta
2025,-165.71
2030,-167.41199999999998
2035,-169.1856
2040,-170.9592
2045,-171.7744
2050,-172.58959999999993
2055,-174.36320000000006
2060,-176.13680000000002
2065,-176.02940000000007
2070,-175.92199999999997
2075,-175.81460000000004
2080,-175.7072
2085,-175.6177
2090,-175.52820000000003
2095,-175.43870000000004
2100,-175.3492
