year,delta
2025,117.72000000000003
2030,114.3524999999999
2035,113.42724999999996
2040,112.50199999999995
2045,111.57674999999989
2050,110.65150000000006
2055,108.40649999999994
2060,106.16149999999988
2065,104.47775000000001
2070,102.7940000000001
2075,101.11024999999995
2080,99.42649999999998
2085,98.68324999999999
2090,97.94000000000005
2095,97.19674999999995
2100,96.45349999999985
