technology,co2_kg_per_kwh,sox_kg_per_kwh,nox_kg_per_kwh,pm25_kg_per_kwh,gwp100_kg_per_kwh
coal,0.9,0.0075,0.0042,0.00035,0.9
gas,0.38,0.0004,0.0013,0.00004,0.4
nuclear,0.01,0.0,0.0,0.0,0.04
hydro,0.004,0.0,0.0,0.0,0.008
wind,0.003,0.0,0.0,0.0,0.004
solar,0.018,0.0,0.0,0.0,0.016
biomass,0.28,0.0018,0.0009,0.00018,0.25
geothermal,0.045,0.00009,0.00009,0.000018,0.035
storage,0.018,0.0,0.0,0.0,0.012
