technology,co2_kg_per_kwh,sox_kg_per_kwh,nox_kg_per_kwh,pm25_kg_per_kwh,gwp100_kg_per_kwh
coal,0.98,0.0082,0.0047,0.00042,0.98
gas,0.42,0.00055,0.00155,0.000055,0.42
nuclear,0.018,0.0,0.0,0.0,0.018
hydro,0.0052,0.0,0.0,0.0,0.01
wind,0.0042,0.0,0.0,0.0,0.004
solar,0.022,0.0,0.0,0.0,0.018
biomass,0.31,0.0021,0.0011,0.00022,0.31
geothermal,0.052,0.00011,0.00011,0.000022,0.038
storage,0.022,0.0,0.0,0.0,0.014
