technology,co2_kg_per_kwh,sox_kg_per_kwh,nox_kg_per_kwh,pm25_kg_per_kwh,gwp100_kg_per_kwh
coal,1.33,0.0158,0.00237,0.00229,1.34
gas,0.45,0.0006,0.0016,0.00006,0.5
nuclear,0.02,0.0,0.0,0.0,0.05
hydro,0.006,0.0,0.0,0.0,0.01
wind,0.005,0.0,0.0,0.0,0.005
solar,0.025,0.0,0.0,0.0,0.02
biomass,0.32,0.0022,0.0012,0.00025,0.3
geothermal,0.055,0.00012,0.00012,0.000025,0.04
storage,0.025,0.0,0.0,0.0,0.015
